HEAD_ADAPTER	AATGTACTTCGTTCAGTTACGTATTGCT
HEAD_ADAPTERrv	AGCAATACGTAACTGAACGAAGTACATT
TAIL_ADAPTER	GCAATACGTAACTGAACGAAGT
TAIL_ADAPTERrv	ACTTCGTTCAGTTACGTATTGC
FW_CAP_PRIMER	TCGTCGGCAGCGTC
FW_CAP_PRIMERrv	GACGCTGCCGACGA
RV_CAP_PRIMER	GTCTCGTGGGCTCGG
RV_CAP_PRIMERrv	CCGAGCCCACGAGAC
FIVE_LINKER_1	AGATGTGTATAAGAGACAG
FIVE_LINKER_1rv	CTGTCTCTTATACACATCT
FIVE_LINKER_2	GTGGTATCAACGCAGAGTAC
FIVE_LINKER_2rv	GTACTCTGCGTTGATACCAC
THREE_LINKER	AGATGTGTATAAGAGACAGCGATGCTTTTTTTTTTTTTTTT
THREE_LINKERrv	AAAAAAAAAAAAAAAAGCATCGCTGTCTCTTATACACATCT
FULL_FIVE_LINKER_1	TCGTCGGCAGCGTCAGATGTGTATAAGAGACAG
FULL_FIVE_LINKER_1rv	CTGTCTCTTATACACATCTGACGCTGCCGACGA
FULL_THREE_LINKER	GTCTCGTGGGCTCGGAGATGTGTATAAGAGACAGCGATGCTTTTTTTTTTTTTTTT
FULL_THREE_LINKERrv	AAAAAAAAAAAAAAAAGCATCGCTGTCTCTTATACACATCTCCGAGCCCACGAGAC